id,domain,task_count,raw_command,token_count,token_accuracy,all_tokens_correct,gold_labels,gold_segments,predicted_task_count,predicted_labels,predicted_segments
CH-0004,temel_bilgisayar,1,bilgisayarın sesini 45'e getir,4,0.0,False,DEĞİŞTİR,DEĞİŞTİR:bilgisayarın sesini 45'e getir,1,DİĞER,DİĞER:sesini 45'e getir
CH-0034,tarayıcı_internet,2,"Chrome'da pdf sekmesine geç, dosyayı indir, sekmeyi açık bırak",9,0.1111111111111111,False,SEKME_DEĞİŞTİR ; İNDİR,"SEKME_DEĞİŞTİR:pdf sekmesine geç, ; İNDİR:dosyayı indir,",1,DİĞER,DİĞER:sekmeyi açık bırak
CH-0043,tarayıcı_internet,1,Chrome demeyeyim işte açık olan internet sayfasında arama yap,9,0.3333333333333333,False,ARA,ARA:açık olan internet sayfasında arama yap,1,DİĞER,DİĞER:açık olan internet sayfasında arama yap
CH-0063,ofis_metin_düzenleme,2,"PowerPoint'te başlığı biraz küçült, alt başlığa da boşluk ekle",9,0.3333333333333333,False,KÜÇÜLT ; BOŞLUK,"KÜÇÜLT:başlığı biraz küçült, ; BOŞLUK:alt başlığa da boşluk ekle",3,BOŞLUK ; DEĞİŞTİR ; BOŞLUK,"BOŞLUK:biraz küçült, ; DEĞİŞTİR:alt başlığa da ; BOŞLUK:boşluk ekle"
CH-0073,ofis_metin_düzenleme,1,açık olan metinde iki boşluk varsa tek boşluğa indir,9,0.3333333333333333,False,DEĞİŞTİR,DEĞİŞTİR:iki boşluk varsa tek boşluğa indir,2,BOŞLUK ; İNDİR,BOŞLUK:iki boşluk varsa ; İNDİR:tek boşluğa indir
CH-0098,dosya_yazılım_geliştirme,3,"VS Code'da search panelinde TODO ara, ilk sonucu aç, satıra yorum ekle",12,0.3333333333333333,False,ARA ; AÇ ; YAZ,"ARA:TODO ara, ; AÇ:ilk sonucu aç, ; YAZ:satıra yorum ekle",3,SEKME_DEĞİŞTİR ; DİĞER ; BOŞLUK,"SEKME_DEĞİŞTİR:TODO ara, ; DİĞER:ilk sonucu ; BOŞLUK:aç, satıra yorum ekle"
CH-0046,tarayıcı_internet,1,yanlış sekmedeyiz geri dön bir önceki sayfaya geç,8,0.375,False,GİT,GİT:bir önceki sayfaya geç,1,GEÇ,GEÇ:dön bir önceki sayfaya geç
CH-0040,tarayıcı_internet,1,bu sayfayı biraz yukarı kaydır başlık kısmı lazım,8,0.375,False,KAYDIR,KAYDIR:biraz yukarı kaydır,2,KAYDIR ; YİNELE,KAYDIR:bu sayfayı biraz yukarı kaydır başlık ; YİNELE:kısmı lazım
CH-0086,dosya_yazılım_geliştirme,2,README dosyasının en altına git ve kurulum notu diye bir başlık ekle,12,0.4166666666666667,False,GİT ; YAZ,GİT:en altına git ; YAZ:kurulum notu diye bir başlık ekle,2,GİT ; DİĞER,GİT:dosyasının en altına git ; DİĞER:kurulum notu diye bir başlık ekle
CH-0060,ofis_metin_düzenleme,3,"PowerPoint'te son slayta geç, resmi seç, biraz sola al",9,0.4444444444444444,False,GEÇ ; SEÇ ; TAŞI,"GEÇ:son slayta geç, ; SEÇ:resmi seç, ; TAŞI:biraz sola al",1,TAŞI,"TAŞI:resmi seç, biraz sola al"
CH-0070,ofis_metin_düzenleme,3,"PowerPoint'te üçüncü slayta git, resmi seç, kenarını biraz büyüt",9,0.4444444444444444,False,GEÇ ; SEÇ ; BÜYÜT,"GEÇ:üçüncü slayta git, ; SEÇ:resmi seç, ; BÜYÜT:kenarını biraz büyüt",1,BÜYÜT,"BÜYÜT:resmi seç, kenarını biraz büyüt"
CH-0078,dosya_yazılım_geliştirme,3,kodu commitle ve açıklama olarak da her şey tamamlandı yaz daha sonra da push et,15,0.4666666666666667,False,GÖNDER ; YAZ ; YÜKLE,GÖNDER:kodu commitle ; YAZ:açıklama olarak da her şey tamamlandı yaz ; YÜKLE:push et,3,YAZ ; YAZ ; DİĞER,YAZ:açıklama olarak ; YAZ:tamamlandı yaz ; DİĞER:da push et
CH-0052,ofis_metin_düzenleme,2,4 satır 3 sütundan oluşan bir tablo oluştur ilk satırı da birleştir,12,0.5,False,YENİ_OLUŞTUR ; DİĞER,YENİ_OLUŞTUR:4 satır 3 sütundan oluşan bir tablo oluştur ; DİĞER:ilk satırı da birleştir,2,YENİ_OLUŞTUR ; DEĞİŞTİR,YENİ_OLUŞTUR:3 sütundan oluşan bir tablo oluştur ; DEĞİŞTİR:ilk satırı da birleştir
CH-0007,temel_bilgisayar,2,ekranı projeksiyona yansıt sonra da sunum dosyasını aç,8,0.5,False,DİĞER ; AÇ,DİĞER:ekranı projeksiyona yansıt ; AÇ:sunum dosyasını aç,1,AÇ,AÇ:da sunum dosyasını aç
CH-0008,temel_bilgisayar,2,geri dönüşüm kutusunu boşalt daha sonra masaüstüne dön,8,0.5,False,DİĞER ; GEÇ,DİĞER:geri dönüşüm kutusunu boşalt ; GEÇ:masaüstüne dön,1,GEÇ,GEÇ:masaüstüne dön
CH-0069,ofis_metin_düzenleme,1,"Word'de başlığı büyütme, sadece altındaki açıklamayı italik yap",8,0.5,False,DEĞİŞTİR,DEĞİŞTİR:altındaki açıklamayı italik yap,1,DİĞER,DİĞER:altındaki açıklamayı italik yap
CH-0096,dosya_yazılım_geliştirme,3,"terminalde komut satırına pip install yaz, bir boşluk bırak, paket adını yapıştır",12,0.5,False,YAZ ; BOŞLUK ; YAPIŞTIR,"YAZ:pip install yaz, ; BOŞLUK:bir boşluk bırak, ; YAPIŞTIR:paket adını yapıştır",4,ARA ; BUL ; BOŞLUK ; YAPIŞTIR,"ARA:komut satırına ; BUL:pip install ; BOŞLUK:boşluk bırak, ; YAPIŞTIR:paket adını yapıştır"
CH-0076,dosya_yazılım_geliştirme,4,ekrandaki kodu kopyala yeni bir spyder dosyası aç ve içine yapıştır daha sonra dosyanın ismini de yeni proje olarak oluştur,20,0.5,False,KOPYALA ; YENİ_OLUŞTUR ; YAPIŞTIR ; YENİDEN_ADLANDIR,KOPYALA:kodu kopyala ; YENİ_OLUŞTUR:yeni bir spyder dosyası aç ; YAPIŞTIR:içine yapıştır ; YENİDEN_ADLANDIR:yeni proje olarak oluştur,4,KOPYALA ; AÇ ; YAPIŞTIR ; YENİ_OLUŞTUR,KOPYALA:ekrandaki kodu kopyala ; AÇ:yeni bir spyder dosyası aç ; YAPIŞTIR:içine yapıştır ; YENİ_OLUŞTUR:yeni proje olarak oluştur
CH-0099,dosya_yazılım_geliştirme,3,"repo klasöründe docs oluştur, README kopyasını içine koy, adını kullanım yap",11,0.5454545454545454,False,YENİ_OLUŞTUR ; KOPYALA ; YENİDEN_ADLANDIR,"YENİ_OLUŞTUR:docs oluştur, ; KOPYALA:README kopyasını içine koy, ; YENİDEN_ADLANDIR:kullanım yap",2,YENİ_OLUŞTUR ; YENİDEN_ADLANDIR,"YENİ_OLUŞTUR:docs oluştur, README kopyasını ; YENİDEN_ADLANDIR:içine koy, adını kullanım yap"
CH-0068,ofis_metin_düzenleme,2,"Excel'de hücredeki fazla boşluğu sil, sonra formülü tekrar uygula",9,0.5555555555555556,False,SİL ; YİNELE,"SİL:fazla boşluğu sil, ; YİNELE:formülü tekrar uygula",3,YİNELE ; YİNELE ; DİĞER,"YİNELE:sil, ; YİNELE:formülü tekrar ; DİĞER:uygula"
CH-0097,dosya_yazılım_geliştirme,2,"geçici cache dosyasını sil, sonra test komutunu yeniden çalıştır",9,0.5555555555555556,False,SİL ; YİNELE,"SİL:geçici cache dosyasını sil, ; YİNELE:test komutunu yeniden çalıştır",1,YİNELE,YİNELE:test komutunu yeniden çalıştır
CH-0020,temel_bilgisayar,1,"ayarlar penceresini kapatma, imleç boyutunu biraz büyüt",7,0.5714285714285714,False,BÜYÜT,BÜYÜT:imleç boyutunu biraz büyüt,1,BÜYÜT,"BÜYÜT:ayarlar penceresini kapatma, imleç boyutunu biraz büyüt"
CH-0022,temel_bilgisayar,1,yanlış yere gittin ayarlarda imleç boyutunu bulacaksın,7,0.5714285714285714,False,BUL,BUL:imleç boyutunu bulacaksın,1,DEĞİŞTİR,DEĞİŞTİR:imleç boyutunu bulacaksın
CH-0021,temel_bilgisayar,1,ekrandaki küçük yazıları biraz büyüt gözüm seçmiyor,7,0.5714285714285714,False,BÜYÜT,BÜYÜT:küçük yazıları biraz büyüt,2,BÜYÜT ; TAŞI,BÜYÜT:ekrandaki küçük yazıları biraz büyüt ; TAŞI:gözüm seçmiyor
CH-0009,temel_bilgisayar,1,şu indirdiğim dosyayı açma ya sadece adının sonuna yedek ekle,10,0.6,False,YENİDEN_ADLANDIR,YENİDEN_ADLANDIR:adının sonuna yedek ekle,2,TAŞI ; YÜKLE,TAŞI:adının sonuna yedek ; YÜKLE:ekle
CH-0050,tarayıcı_internet,3,"Chrome'da rapor sayfasına git, sayfayı aşağı kaydır, indirme düğmesini bul",10,0.6,False,GİT ; KAYDIR ; BUL,"GİT:rapor sayfasına git, ; KAYDIR:sayfayı aşağı kaydır, ; BUL:indirme düğmesini bul",2,KAYDIR ; BUL,"KAYDIR:sayfayı aşağı ; BUL:kaydır, indirme düğmesini bul"
CH-0062,ofis_metin_düzenleme,3,"Word'deki tabloyu seç, kenarlıklarını sade yap, belgeyi kaydet",8,0.625,False,SEÇ ; DEĞİŞTİR ; KAYDET,"SEÇ:tabloyu seç, ; DEĞİŞTİR:kenarlıklarını sade yap, ; KAYDET:belgeyi kaydet",2,DEĞİŞTİR ; KAYDET,"DEĞİŞTİR:sade yap, ; KAYDET:belgeyi kaydet"
CH-0038,tarayıcı_internet,1,şu mavi düğmeye basma yanındaki indirme şeyine tıkla,8,0.625,False,TIKLA,TIKLA:yanındaki indirme şeyine tıkla,1,TIKLA,TIKLA:mavi düğmeye basma yanındaki indirme şeyine tıkla
CH-0030,tarayıcı_internet,2,"Chrome'da bu sekmeyi kapat, sonra soldaki sekmeye geç",8,0.625,False,KAPAT ; SEKME_DEĞİŞTİR,"KAPAT:bu sekmeyi kapat, ; SEKME_DEĞİŞTİR:soldaki sekmeye geç",1,SEKME_DEĞİŞTİR,SEKME_DEĞİŞTİR:soldaki sekmeye geç
CH-0035,tarayıcı_internet,2,"Chrome'da başvuru sayfasını yenile, sonra ekli dosyayı indir",8,0.625,False,YİNELE ; İNDİR,"YİNELE:başvuru sayfasını yenile, ; İNDİR:ekli dosyayı indir",1,İNDİR,İNDİR:ekli dosyayı indir
CH-0067,ofis_metin_düzenleme,3,"PowerPoint'te grafiği seç, boyutunu biraz küçült, sağ alta taşı",9,0.6666666666666666,False,SEÇ ; KÜÇÜLT ; TAŞI,"SEÇ:grafiği seç, ; KÜÇÜLT:boyutunu biraz küçült, ; TAŞI:sağ alta taşı",2,SEÇ ; TAŞI,"SEÇ:grafiği seç, ; TAŞI:boyutunu biraz küçült, sağ alta taşı"
CH-0061,ofis_metin_düzenleme,2,"Excel'de toplam satırını bul, üstüne yeni bir satır ekle",9,0.6666666666666666,False,BUL ; YENİ_OLUŞTUR,"BUL:toplam satırını bul, ; YENİ_OLUŞTUR:üstüne yeni bir satır ekle",1,YENİ_OLUŞTUR,"YENİ_OLUŞTUR:toplam satırını bul, üstüne yeni bir satır ekle"
CH-0083,dosya_yazılım_geliştirme,3,query sekmesine git select * from yaz ve çalıştır,9,0.6666666666666666,False,SEKME_DEĞİŞTİR ; YAZ ; DİĞER,SEKME_DEĞİŞTİR:query sekmesine git ; YAZ:select * from yaz ; DİĞER:çalıştır,3,GİT ; YAZ ; DİĞER,GİT:sekmesine git ; YAZ:select * from yaz ; DİĞER:çalıştır
CH-0051,ofis_metin_düzenleme,3,yeni bir sayfa aç içine 14 punto olacak şekilde bir başlık ekle başlığa da projem yaz,16,0.6875,False,AÇ ; YAZ,AÇ:yeni bir sayfa aç ; YAZ:14 punto olacak şekilde bir başlık ekle başlığa da projem yaz,3,AÇ ; YENİ_OLUŞTUR ; YAZ,AÇ:yeni bir sayfa ; YENİ_OLUŞTUR:aç içine 14 punto olacak ; YAZ:şekilde bir başlık ekle başlığa da projem yaz
CH-0064,ofis_metin_düzenleme,2,"Word'de kaynakça başlığını ara, altına yeni bir boş satır bırak",10,0.7,False,ARA ; BOŞLUK,"ARA:kaynakça başlığını ara, ; BOŞLUK:altına yeni bir boş satır bırak",1,BOŞLUK,"BOŞLUK:başlığını ara, altına yeni bir boş satır bırak"
CH-0041,tarayıcı_internet,1,şu indirme tamamlandıysa dosyayı açmadan klasörde göster,7,0.7142857142857143,False,DİĞER,DİĞER:klasörde göster,1,TIKLA,TIKLA:klasörde göster
CH-0025,temel_bilgisayar,1,bilgisayarın sesi çok yüksek oldu 25'e getir,7,0.7142857142857143,False,AZALT,AZALT:25'e getir,1,DİĞER,DİĞER:25'e getir
CH-0027,tarayıcı_internet,2,bir sonraki sekmeye git tüm sayfayı yazdır,7,0.7142857142857143,False,SEKME_DEĞİŞTİR ; YAZDIR,SEKME_DEĞİŞTİR:bir sonraki sekmeye git ; YAZDIR:tüm sayfayı yazdır,3,SEKME_DEĞİŞTİR ; GİT ; YAZDIR,SEKME_DEĞİŞTİR:sonraki sekmeye ; GİT:git ; YAZDIR:tüm sayfayı yazdır
CH-0032,tarayıcı_internet,2,"hayır göndermiyorsun, formu doldurup taslak olarak bırak",7,0.7142857142857143,False,YAZ ; DİĞER,YAZ:formu doldurup ; DİĞER:taslak olarak bırak,1,DİĞER,DİĞER:taslak olarak bırak
CH-0026,tarayıcı_internet,2,chrome'u çalıştır ve yeni bir sekme aç,7,0.7142857142857143,False,AÇ ; AÇ,AÇ:chrome'u çalıştır ; AÇ:yeni bir sekme aç,1,AÇ,AÇ:yeni bir sekme aç
CH-0084,dosya_yazılım_geliştirme,3,terminali açıp npm test komutunu çalıştır ama sonucu göndermeden ekranda bırak,11,0.7272727272727273,False,AÇ ; DİĞER ; DİĞER,AÇ:terminali açıp ; DİĞER:npm test komutunu çalıştır ; DİĞER:ekranda bırak,3,AÇ ; YAZ ; DİĞER,AÇ:terminali açıp ; YAZ:npm ; DİĞER:test komutunu çalıştır
CH-0018,temel_bilgisayar,2,"dosyayı silme, adının başına taslak ekle ve kaydet",8,0.75,False,YENİDEN_ADLANDIR ; KAYDET,YENİDEN_ADLANDIR:adının başına taslak ekle ; KAYDET:kaydet,2,YENİDEN_ADLANDIR ; KAYDET,"YENİDEN_ADLANDIR:dosyayı silme, adının başına taslak ekle ; KAYDET:kaydet"
CH-0091,dosya_yazılım_geliştirme,2,"VS Code'da env dosyasını aç, token satırını seçmeden sadece örnek satırı kopyala",12,0.75,False,AÇ ; KOPYALA,"AÇ:env dosyasını aç, ; KOPYALA:örnek satırı kopyala",1,KOPYALA,KOPYALA:örnek satırı kopyala
CH-0013,temel_bilgisayar,1,şey görev yöneticisini aç ama hiçbir işlemi kapatma,8,0.75,False,AÇ,AÇ:görev yöneticisini aç,2,AÇ ; DİĞER,AÇ:görev yöneticisini aç ; DİĞER:işlemi kapatma
CH-0071,ofis_metin_düzenleme,2,"Word'de son paragrafı silme, onu kesip önceki sayfaya taşı",9,0.7777777777777778,False,KES ; TAŞI,KES:onu kesip ; TAŞI:önceki sayfaya taşı,1,TAŞI,TAŞI:onu kesip önceki sayfaya taşı
CH-0092,dosya_yazılım_geliştirme,1,"terminalde git add nokta yazma, sadece git diff komutunu çalıştır",10,0.8,False,DİĞER,DİĞER:git diff komutunu çalıştır,3,GİT ; GİT ; DİĞER,GİT:git ; GİT:git ; DİĞER:diff komutunu çalıştır
CH-0001,temel_bilgisayar,3,masaüstündeki Semih klasörünü aç ve içine yeni bir txt dosyası oluştur ismini de deneme yap,15,0.8,False,AÇ ; YENİ_OLUŞTUR ; YENİDEN_ADLANDIR,AÇ:Semih klasörünü aç ; YENİ_OLUŞTUR:içine yeni bir txt dosyası oluştur ; YENİDEN_ADLANDIR:deneme yap,3,AÇ ; YENİ_OLUŞTUR ; YENİDEN_ADLANDIR,AÇ:masaüstündeki Semih klasörünü aç ; YENİ_OLUŞTUR:içine yeni bir txt dosyası oluştur ; YENİDEN_ADLANDIR:ismini de deneme yap
CH-0090,dosya_yazılım_geliştirme,3,"terminalde docker ps yaz sonra enter bas, çıkan container adını kopyala",11,0.8181818181818182,False,YAZ ; ENTER ; KOPYALA,"YAZ:docker ps yaz ; ENTER:enter bas, ; KOPYALA:container adını kopyala",3,YAZ ; ENTER ; KOPYALA,YAZ:terminalde docker ps yaz ; ENTER:enter ; KOPYALA:container adını kopyala
CH-0074,ofis_metin_düzenleme,1,raporun yalnızca ilk sayfasını yazdırmaya hazırla,6,0.8333333333333334,False,YAZDIR,YAZDIR:ilk sayfasını yazdırmaya hazırla,1,YAZDIR,YAZDIR:yalnızca ilk sayfasını yazdırmaya hazırla
CH-0010,temel_bilgisayar,2,masaüstünde yeni bir klasör oluştur içine de boş bir not dosyası koy,12,0.8333333333333334,False,YENİ_OLUŞTUR ; YENİ_OLUŞTUR,YENİ_OLUŞTUR:yeni bir klasör oluştur ; YENİ_OLUŞTUR:boş bir not dosyası koy,1,YENİ_OLUŞTUR,YENİ_OLUŞTUR:yeni bir klasör oluştur içine de boş bir not dosyası koy
CH-0012,temel_bilgisayar,1,ayarlarda ekran parlaklığını biraz azalt sesle uğraşma,7,0.8571428571428571,False,AZALT,AZALT:ekran parlaklığını biraz azalt,2,AZALT ; KAYDET,AZALT:ekran parlaklığını biraz azalt ; KAYDET:sesle
CH-0088,dosya_yazılım_geliştirme,1,Git panelini açmadan terminalden branch adını göster,7,0.8571428571428571,False,DİĞER,DİĞER:terminalden branch adını göster,2,GİT ; DİĞER,GİT:Git ; DİĞER:terminalden branch adını göster
CH-0047,tarayıcı_internet,2,şu listeyi aşağı kaydır en sondaki seçeneği seç,8,0.875,False,KAYDIR ; SEÇ,KAYDIR:listeyi aşağı kaydır ; SEÇ:en sondaki seçeneği seç,2,KAYDIR ; SEÇ,KAYDIR:şu listeyi aşağı kaydır ; SEÇ:en sondaki seçeneği seç
CH-0075,ofis_metin_düzenleme,2,belgede seçili kısmı kopyala sonra yorum alanına yapıştır,8,0.875,False,KOPYALA ; YAPIŞTIR,KOPYALA:seçili kısmı kopyala ; YAPIŞTIR:yorum alanına yapıştır,2,KOPYALA ; YAPIŞTIR,KOPYALA:belgede seçili kısmı kopyala ; YAPIŞTIR:yorum alanına yapıştır
CH-0066,ofis_metin_düzenleme,1,Word belgesini yazdırma ayarına getir ama yazdırmayı başlatma,8,0.875,False,YAZDIR,YAZDIR:Word belgesini yazdırma ayarına getir,1,YAZDIR,YAZDIR:belgesini yazdırma ayarına getir
CH-0039,tarayıcı_internet,2,tarayıcıda olduğumuz sayfayı yenile sonra tekrar aşağı in,8,0.875,False,YİNELE ; KAYDIR,YİNELE:sayfayı yenile ; KAYDIR:tekrar aşağı in,2,YİNELE ; KAYDIR,YİNELE:olduğumuz sayfayı yenile ; KAYDIR:tekrar aşağı in
CH-0029,tarayıcı_internet,2,tarayıcıdaki indirme sayfasını yenile sonra pdf dosyasını indir,8,0.875,False,YİNELE ; İNDİR,YİNELE:indirme sayfasını yenile ; İNDİR:pdf dosyasını indir,3,BÜYÜT ; YİNELE ; İNDİR,BÜYÜT:tarayıcıdaki ; YİNELE:indirme sayfasını yenile ; İNDİR:pdf dosyasını indir
CH-0003,temel_bilgisayar,2,görev yöneticisini aç sonra da word'ü oradan kapat,8,0.875,False,AÇ ; KAPAT,AÇ:görev yöneticisini aç ; KAPAT:word'ü oradan kapat,3,AÇ ; DİĞER ; KAPAT,AÇ:görev yöneticisini aç ; DİĞER:da ; KAPAT:word'ü oradan kapat
CH-0011,temel_bilgisayar,1,"yok onu silme, dosyayı belgeler klasörüne taşı sadece",8,0.875,False,TAŞI,TAŞI:dosyayı belgeler klasörüne taşı,1,TAŞI,"TAŞI:silme, dosyayı belgeler klasörüne taşı"
CH-0045,tarayıcı_internet,2,şu sayfada başvuru dosyası nerede onu bulup indir,8,0.875,False,BUL ; İNDİR,BUL:başvuru dosyası nerede onu bulup ; İNDİR:indir,3,KAYDIR ; BUL ; İNDİR,KAYDIR:sayfada ; BUL:başvuru dosyası nerede onu bulup ; İNDİR:indir
CH-0044,tarayıcı_internet,1,o butona tıklama ya sadece yanında çıkan yazıyı seç,9,0.8888888888888888,False,SEÇ,SEÇ:yanında çıkan yazıyı seç,1,SEÇ,SEÇ:çıkan yazıyı seç
CH-0036,tarayıcı_internet,1,şu arama yerine hata kodunu yazıp sonucu açmadan bırak,9,0.8888888888888888,False,YAZ,YAZ:hata kodunu yazıp,1,YAZ,YAZ:hata kodunu
CH-0017,temel_bilgisayar,2,ayarlar aramasına erişilebilirlik yaz ve çıkan ilk sonuca git,9,0.8888888888888888,False,YAZ ; GİT,YAZ:ayarlar aramasına erişilebilirlik yaz ; GİT:çıkan ilk sonuca git,2,YAZ ; GİT,YAZ:ayarlar aramasına erişilebilirlik yaz ; GİT:ilk sonuca git
CH-0049,tarayıcı_internet,2,Chrome'da açık sekmelerden sağdakine geç ve sayfayı biraz aşağı kaydır,10,0.9,False,SEKME_DEĞİŞTİR ; KAYDIR,SEKME_DEĞİŞTİR:sağdakine geç ; KAYDIR:sayfayı biraz aşağı kaydır,2,SEKME_DEĞİŞTİR ; KAYDIR,SEKME_DEĞİŞTİR:sekmelerden sağdakine geç ; KAYDIR:sayfayı biraz aşağı kaydır
CH-0095,dosya_yazılım_geliştirme,2,"şey yanlış dosyadasın, main dosyasına geç ve import satırını bul",10,0.9,False,GEÇ ; BUL,GEÇ:main dosyasına geç ; BUL:import satırını bul,2,GEÇ ; BUL,"GEÇ:dosyadasın, main dosyasına geç ; BUL:import satırını bul"
CH-0056,ofis_metin_düzenleme,2,Word belgesinde giriş başlığını bul altına kısa bir açıklama yaz,10,0.9,False,BUL ; YAZ,BUL:giriş başlığını bul ; YAZ:altına kısa bir açıklama yaz,2,BUL ; YAZ,BUL:belgesinde giriş başlığını bul ; YAZ:altına kısa bir açıklama yaz
CH-0087,dosya_yazılım_geliştirme,3,terminalde git status yaz enter'a bas sonra değişen dosya adını kopyala,11,0.9090909090909091,False,YAZ ; ENTER ; KOPYALA,YAZ:git status yaz ; ENTER:enter'a bas ; KOPYALA:değişen dosya adını kopyala,3,YAZ ; ENTER ; KOPYALA,YAZ:terminalde git status yaz ; ENTER:enter'a bas ; KOPYALA:değişen dosya adını kopyala
CH-0094,dosya_yazılım_geliştirme,2,VS Code'da routes klasöründe yeni api dosyası oluştur adını user_routes yap,11,0.9090909090909091,False,YENİ_OLUŞTUR ; YENİDEN_ADLANDIR,YENİ_OLUŞTUR:yeni api dosyası oluştur ; YENİDEN_ADLANDIR:user_routes yap,2,YENİ_OLUŞTUR ; YENİDEN_ADLANDIR,YENİ_OLUŞTUR:yeni api dosyası oluştur ; YENİDEN_ADLANDIR:adını user_routes yap
CH-0053,ofis_metin_düzenleme,2,açık olan dosyadan kara ile başlayan her şeyi bul ve lara olarak değiştir,13,0.9230769230769231,False,BUL ; DEĞİŞTİR,BUL:kara ile başlayan her şeyi bul ; DEĞİŞTİR:lara olarak değiştir,2,BUL ; DEĞİŞTİR,BUL:ile başlayan her şeyi bul ; DEĞİŞTİR:lara olarak değiştir
